model,class,bin,n,average_probability,observed_rate
market_raw,H,1,1036,0.1973326764026517,0.17084942084942084
market_raw,H,2,1035,0.28277116040400563,0.2946859903381642
market_raw,H,3,1035,0.3287195500598118,0.33043478260869563
market_raw,H,4,1035,0.36842286428323084,0.37584541062801935
market_raw,H,5,1035,0.40443481546385535,0.4144927536231884
market_raw,H,6,1035,0.4373573381822531,0.43381642512077295
market_raw,H,7,1035,0.47417704074073364,0.485024154589372
market_raw,H,8,1035,0.5190496353123242,0.5391304347826087
market_raw,H,9,1035,0.5782576053271491,0.5826086956521739
market_raw,H,10,1036,0.6921536263439328,0.7094594594594594
market_raw,D,1,1036,0.18095363196162367,0.19015444015444016
market_raw,D,2,1035,0.2278347327872798,0.22995169082125605
market_raw,D,3,1035,0.246162629673014,0.242512077294686
market_raw,D,4,1035,0.2571482403486119,0.25217391304347825
market_raw,D,5,1035,0.2653188312959921,0.26956521739130435
market_raw,D,6,1035,0.2718609857272585,0.26859903381642514
market_raw,D,7,1035,0.2777397501580368,0.2714975845410628
market_raw,D,8,1035,0.28370633658002464,0.26280193236714977
market_raw,D,9,1035,0.2909584751047303,0.27342995169082124
market_raw,D,10,1036,0.30397323715742414,0.2953667953667954
market_raw,A,1,1036,0.119778014797792,0.09362934362934362
market_raw,A,2,1035,0.1825080233183862,0.1855072463768116
market_raw,A,3,1035,0.2209590978010395,0.20772946859903382
market_raw,A,4,1035,0.25402073054417973,0.23671497584541062
market_raw,A,5,1035,0.2835176363325189,0.2898550724637681
market_raw,A,6,1035,0.31211170017543843,0.34009661835748795
market_raw,A,7,1035,0.3453764190372542,0.3458937198067633
market_raw,A,8,1035,0.38760684124905503,0.4077294685990338
market_raw,A,9,1035,0.442175048540526,0.43285024154589374
market_raw,A,10,1036,0.5635575290292935,0.5675675675675675
market_recalibrated,H,1,1036,0.1926675413692969,0.1776061776061776
market_recalibrated,H,2,1035,0.2832262056837564,0.2946859903381642
market_recalibrated,H,3,1035,0.33245937927556646,0.32657004830917874
market_recalibrated,H,4,1035,0.3749048574140384,0.37681159420289856
market_recalibrated,H,5,1035,0.41275161883093575,0.4096618357487923
market_recalibrated,H,6,1035,0.4474740119974547,0.43381642512077295
market_recalibrated,H,7,1035,0.48617622398664634,0.48985507246376814
market_recalibrated,H,8,1035,0.5333642455841807,0.5352657004830917
market_recalibrated,H,9,1035,0.5948760437192753,0.578743961352657
market_recalibrated,H,10,1036,0.7107607388595416,0.7133204633204633
market_recalibrated,D,1,1036,0.1668431802609376,0.19015444015444016
market_recalibrated,D,2,1035,0.21565683992836218,0.2357487922705314
market_recalibrated,D,3,1035,0.2351264332704765,0.23381642512077294
market_recalibrated,D,4,1035,0.24673410417722527,0.2618357487922705
market_recalibrated,D,5,1035,0.2552313916348069,0.2579710144927536
market_recalibrated,D,6,1035,0.26189703974578116,0.28019323671497587
market_recalibrated,D,7,1035,0.26797980059968196,0.2608695652173913
market_recalibrated,D,8,1035,0.27392233750376443,0.2714975845410628
market_recalibrated,D,9,1035,0.28090074650294383,0.27342995169082124
market_recalibrated,D,10,1036,0.2932291173751942,0.2905405405405405
market_recalibrated,A,1,1036,0.11328080292312835,0.09555984555984556
market_recalibrated,A,2,1035,0.1766324706809513,0.17971014492753623
market_recalibrated,A,3,1035,0.21639392803773003,0.2144927536231884
market_recalibrated,A,4,1035,0.2510848345930236,0.23768115942028986
market_recalibrated,A,5,1035,0.28234092597069566,0.28502415458937197
market_recalibrated,A,6,1035,0.31289025813894283,0.3342995169082126
market_recalibrated,A,7,1035,0.3484741254921963,0.3526570048309179
market_recalibrated,A,8,1035,0.3941192301465547,0.40869565217391307
market_recalibrated,A,9,1035,0.45359487524532394,0.4357487922705314
market_recalibrated,A,10,1036,0.5849470500556024,0.5637065637065637
market_plus_public,H,1,1036,0.18977766942247346,0.18725868725868725
market_plus_public,H,2,1035,0.2732979403551217,0.2956521739130435
market_plus_public,H,3,1035,0.32297132224554803,0.3188405797101449
market_plus_public,H,4,1035,0.36672812950249,0.37681159420289856
market_plus_public,H,5,1035,0.40670040730798845,0.41256038647342996
market_plus_public,H,6,1035,0.4446853327103678,0.4318840579710145
market_plus_public,H,7,1035,0.4867596881572281,0.4956521739130435
market_plus_public,H,8,1035,0.5364946626719209,0.5256038647342995
market_plus_public,H,9,1035,0.5998682415093703,0.5835748792270531
market_plus_public,H,10,1036,0.706490851503957,0.7084942084942085
market_plus_public,D,1,1036,0.16339177958387135,0.19305019305019305
market_plus_public,D,2,1035,0.2070212529099496,0.24057971014492754
market_plus_public,D,3,1035,0.22729823413086253,0.24444444444444444
market_plus_public,D,4,1035,0.24063838723936837,0.24830917874396136
market_plus_public,D,5,1035,0.25043572534752667,0.28502415458937197
market_plus_public,D,6,1035,0.2584057809149221,0.2599033816425121
market_plus_public,D,7,1035,0.2655558550670909,0.2608695652173913
market_plus_public,D,8,1035,0.2728238196956585,0.2589371980676328
market_plus_public,D,9,1035,0.2820431074791282,0.2821256038647343
market_plus_public,D,10,1036,0.30638948772326985,0.2828185328185328
market_plus_public,A,1,1036,0.11913895203315181,0.09942084942084942
market_plus_public,A,2,1035,0.17749935647205128,0.17198067632850242
market_plus_public,A,3,1035,0.21660267139798373,0.22028985507246376
market_plus_public,A,4,1035,0.25117453006740437,0.24347826086956523
market_plus_public,A,5,1035,0.2851955979900903,0.2927536231884058
market_plus_public,A,6,1035,0.3179897271765106,0.32270531400966185
market_plus_public,A,7,1035,0.35574623633091745,0.3526570048309179
market_plus_public,A,8,1035,0.40508951421245865,0.39903381642512076
market_plus_public,A,9,1035,0.4678119696160234,0.4579710144927536
market_plus_public,A,10,1036,0.5958954270346649,0.5472972972972973
