season,league,url,retrieved_at_utc,sha256,byte_size,status,error,source_rows,accepted_rows,quarantined_rows
1718,E0,https://www.football-data.co.uk/mmz4281/1718/E0.csv,2026-09-03T20:06:24.644155+00:00,4f3389365ef3f7ac966764ed8ba67cf3b79f5aebed18dd224099c4b2c98bc67b,100734,downloaded,,380,380,0
1718,E1,https://www.football-data.co.uk/mmz4281/1718/E1.csv,2026-09-03T20:06:25.497967+00:00,04d07d578d818bdcd6b95d43e79f10a6a26be01b45be6190b09ebdeaeba0a7ce,146865,downloaded,,552,552,0
1718,E2,https://www.football-data.co.uk/mmz4281/1718/E2.csv,2026-09-03T20:06:26.351978+00:00,a380ad5058b2dfd46bc82e7969ffbe020396a68d1a5f1c613cd7031e0e68dae0,147850,downloaded,,552,552,0
1718,E3,https://www.football-data.co.uk/mmz4281/1718/E3.csv,2026-09-03T20:06:27.163864+00:00,a414014fb3939d0175c97df261f29ef185466f9e5548755a5cb5b5f567a2f8f8,148361,downloaded,,552,552,0
1718,EC,https://www.football-data.co.uk/mmz4281/1718/EC.csv,2026-09-03T20:06:28.002107+00:00,5d8096f056b99a4f809d3913ea5dce1a23b2006cdbfdb4861507557edaccfb2b,136561,downloaded,,552,552,0
1819,E0,https://www.football-data.co.uk/mmz4281/1819/E0.csv,2026-09-03T20:06:28.727575+00:00,7c096b3c2ecd54c6993d22eeea73450c2bde11e3457238b226b8f43c62dfc35e,96144,downloaded,,380,380,0
1819,E1,https://www.football-data.co.uk/mmz4281/1819/E1.csv,2026-09-03T20:06:29.552532+00:00,112eedf787e26e00aac1442ef86e7fee5d4a43f86552ff2dac31ceb95a849487,140915,downloaded,,552,552,0
1819,E2,https://www.football-data.co.uk/mmz4281/1819/E2.csv,2026-09-03T20:06:30.406719+00:00,a60bc928d4aaf8a52fc00fc6f1efecb99e84756c9627b84856db7c7a6b53e64e,141425,downloaded,,552,552,0
1819,E3,https://www.football-data.co.uk/mmz4281/1819/E3.csv,2026-09-03T20:06:31.258290+00:00,7494db528e217926bd03d9d469dd52d7043c85b8c9e9fc7f477ea5675383291c,141832,downloaded,,552,552,0
1819,EC,https://www.football-data.co.uk/mmz4281/1819/EC.csv,2026-09-03T20:06:32.066040+00:00,2b613fe6875c43fb581174ab20d1f1231b706b9d6e13bb67b262e0ce60e58add,130755,downloaded,,552,552,0
1920,E0,https://www.football-data.co.uk/mmz4281/1920/E0.csv,2026-09-03T20:06:32.964168+00:00,100037618b94f94057400bb02bf6bac4ef74ddaa58cde4b38370839c39caee61,175475,downloaded,,380,380,0
1920,E1,https://www.football-data.co.uk/mmz4281/1920/E1.csv,2026-09-03T20:06:33.916707+00:00,f31450c623c0b74b89692584a85924cc652d33ec89757acf4b2dda5e26261d57,254740,downloaded,,552,552,0
1920,E2,https://www.football-data.co.uk/mmz4281/1920/E2.csv,2026-09-03T20:06:34.811457+00:00,9059ede04b5c294511be583b9c85ae2acdf940c3442dd288082a3b0cd7892f94,184870,downloaded,,400,400,0
1920,E3,https://www.football-data.co.uk/mmz4281/1920/E3.csv,2026-09-03T20:06:35.749961+00:00,4989515126e1d4cc9ae5276e44e36660fe3632f881a8ae39b4328f66e714bec2,203254,downloaded,,440,440,0
1920,EC,https://www.football-data.co.uk/mmz4281/1920/EC.csv,2026-09-03T20:06:36.653324+00:00,277ad05469c6023264a2e06772ec31166f5ddda136da9b9ca743312e1bf70019,200100,downloaded,,451,451,0
2021,E0,https://www.football-data.co.uk/mmz4281/2021/E0.csv,2026-09-03T20:06:37.539569+00:00,5afe63f69401457b8354eaacee24f9a3e520b3c3af6329564a9783e20d789c62,175815,downloaded,,380,380,0
2021,E1,https://www.football-data.co.uk/mmz4281/2021/E1.csv,2026-09-03T20:06:38.515053+00:00,cf93295e310c60e5b97ae7466d772f8ec6a908ad401e38fceb7e8617369d5073,255966,downloaded,,552,552,0
2021,E2,https://www.football-data.co.uk/mmz4281/2021/E2.csv,2026-09-03T20:06:39.477507+00:00,b6cd8d6280f54fc86cab646c74b65d40b31a2300f56a00a8df9e9d3549304cec,255775,downloaded,,552,552,0
2021,E3,https://www.football-data.co.uk/mmz4281/2021/E3.csv,2026-09-03T20:06:40.432841+00:00,fafff0ee8daf33ca954f94f6856048451ec398688bb6cb357d8aa4d5ded8a3a6,255961,downloaded,,552,552,0
2021,EC,https://www.football-data.co.uk/mmz4281/2021/EC.csv,2026-09-03T20:06:41.372278+00:00,cb134005186bab6fe938b300b07b8c45d401e25ff8f31d1b8e87d1415ad3aab3,205672,downloaded,,477,477,0
2122,E0,https://www.football-data.co.uk/mmz4281/2122/E0.csv,2026-09-03T20:06:42.207833+00:00,335afcbabeb2939fa10ab39ba3e8215072d0b577cb8d0705c1e44c56e934e703,175363,downloaded,,380,380,0
2122,E1,https://www.football-data.co.uk/mmz4281/2122/E1.csv,2026-09-03T20:06:43.136117+00:00,a181451be4801b9f838daf5f6aaf21e9f09d36042be9e6c15388e71001e772ea,255881,downloaded,,552,552,0
2122,E2,https://www.football-data.co.uk/mmz4281/2122/E2.csv,2026-09-03T20:06:44.082418+00:00,bc3cb4de64d290f682be5941e7512f46216b0758e274ad205547a634d9d70270,256198,downloaded,,552,552,0
2122,E3,https://www.football-data.co.uk/mmz4281/2122/E3.csv,2026-09-03T20:06:44.981452+00:00,dff7be2d8803eca6f5d0d0f5d3c5e96272c450407388150961920cbd85920bf0,256169,downloaded,,552,552,0
2122,EC,https://www.football-data.co.uk/mmz4281/2122/EC.csv,2026-09-03T20:06:45.901943+00:00,cd539a52c1f7bb1b0ebf4d2ebed3d5c5912bc5e70b27e96363b6da754e495270,222387,downloaded,,506,506,0
2223,E0,https://www.football-data.co.uk/mmz4281/2223/E0.csv,2026-09-03T20:06:46.742413+00:00,8442792d3b614c94ea3cf381bd2736805889cc1713169035368fff19c3d02380,176180,downloaded,,380,380,0
2223,E1,https://www.football-data.co.uk/mmz4281/2223/E1.csv,2026-09-03T20:06:47.630237+00:00,cd38ab0586ea8cb4d573c363ff70749117f116da5b2741e5b0ea37da05860b1b,255779,downloaded,,552,552,0
2223,E2,https://www.football-data.co.uk/mmz4281/2223/E2.csv,2026-09-03T20:06:48.575632+00:00,c6c1b7366815c4888e62d7f14443f8052291b4ec8702674c1c0caf04ddf9ace5,255895,downloaded,,552,552,0
2223,E3,https://www.football-data.co.uk/mmz4281/2223/E3.csv,2026-09-03T20:06:49.462216+00:00,96778f4c63843634b4690e34d740eb58bd474a0f08c6be48c1987ce92093fa5a,255530,downloaded,,552,552,0
2223,EC,https://www.football-data.co.uk/mmz4281/2223/EC.csv,2026-09-03T20:06:50.337029+00:00,70c8bded01a211e0e0b9ea11a841a11967bf0c8acab29827a588b7c2e3157062,243611,downloaded,,552,552,0
2324,E0,https://www.football-data.co.uk/mmz4281/2324/E0.csv,2026-09-03T20:06:51.201331+00:00,b2e057b0ed959f198b0f63d2391c01239f3608e6de5db68edab3f88e04d07ff3,172196,downloaded,,380,380,0
2324,E1,https://www.football-data.co.uk/mmz4281/2324/E1.csv,2026-09-03T20:06:52.147825+00:00,5737f6cc95c95092b28317f41d3123e2fb09345434efc1c84bbdf15830849ab3,251182,downloaded,,552,552,0
2324,E2,https://www.football-data.co.uk/mmz4281/2324/E2.csv,2026-09-03T20:06:53.083650+00:00,48e5c8d7f3fbb2a0d3ac956f066b129743789b34fe3db41dbcb31363c22fc303,250001,downloaded,,552,552,0
2324,E3,https://www.football-data.co.uk/mmz4281/2324/E3.csv,2026-09-03T20:06:53.957056+00:00,10da9da5badeb696d163154b26fa43875bfc9fd96d2ed81c5e4d5958e7d231ef,250842,downloaded,,552,552,0
2324,EC,https://www.football-data.co.uk/mmz4281/2324/EC.csv,2026-09-03T20:06:54.916747+00:00,ed369da28084d1eb5a6906f9fd7c3e84364ea4de55734a393b9d9058f12021d0,239299,downloaded,,552,552,0
2425,E0,https://www.football-data.co.uk/mmz4281/2425/E0.csv,2026-09-03T20:06:55.792824+00:00,d0c8ce4a96d886cf60cf101f570f4a3893844226f91c7bd769eb568c49edbfa4,197110,downloaded,,380,380,0
2425,E1,https://www.football-data.co.uk/mmz4281/2425/E1.csv,2026-09-03T20:06:56.758466+00:00,f34c340446c916374be66bdc2fb25b87ee7f2662712ca009653d03ac705535f9,286983,downloaded,,552,552,0
2425,E2,https://www.football-data.co.uk/mmz4281/2425/E2.csv,2026-09-03T20:06:57.735717+00:00,d4c0ebde3806714fe01a43935409e803ca35118d746d635480eaf9574d561c49,286638,downloaded,,552,552,0
2425,E3,https://www.football-data.co.uk/mmz4281/2425/E3.csv,2026-09-03T20:06:58.708977+00:00,fd8e1e2483478b14ce7d0cc0317ab4b8fc0abf6e44e76613d855212f8acd760d,287557,downloaded,,552,552,0
2425,EC,https://www.football-data.co.uk/mmz4281/2425/EC.csv,2026-09-03T20:06:59.663059+00:00,efe33452b62a1bc283145dacc5fe22d00f94fde475e263389865a4e45c24dd65,276264,downloaded,,552,552,0
2526,E0,https://www.football-data.co.uk/mmz4281/2526/E0.csv,2026-09-03T20:07:00.533145+00:00,3e3a8352f9ada6789c508d6ca184424421fed56a30400904a4a327c583407e62,203438,downloaded,,380,380,0
2526,E1,https://www.football-data.co.uk/mmz4281/2526/E1.csv,2026-09-03T20:07:01.468111+00:00,98954c319950f19158624b17a154ef1c56eb7b8d169ef317f28f06d11d0b9a74,294390,downloaded,,552,552,0
2526,E2,https://www.football-data.co.uk/mmz4281/2526/E2.csv,2026-09-03T20:07:02.392343+00:00,4c96eff8a2f20c5e26015af8609c4f90478ff055f58ab6e137cc3445bf4c67ee,288636,downloaded,,552,552,0
2526,E3,https://www.football-data.co.uk/mmz4281/2526/E3.csv,2026-09-03T20:07:03.306850+00:00,eff4fa15cb18857091d1f0666d0b8a6c61eda7a8374feef8f2d8a38244e0e45d,290077,downloaded,,552,552,0
2526,EC,https://www.football-data.co.uk/mmz4281/2526/EC.csv,2026-09-03T20:07:04.225917+00:00,2372229d616a57f9df3d9a401cd942df8e1909ba67017b3793c6aceaf0becf76,276074,downloaded,,552,552,0
