slice_type,slice_value,n,model,log_loss,brier,accuracy
league,E0,1520,market_raw,0.9603101954633904,0.5702153852641654,0.5513157894736842
league,E0,1520,market_recalibrated,0.961485353549067,0.5710080137978352,0.5513157894736842
league,E0,1520,market_plus_public,0.9649016615540769,0.5727757234995219,0.5375
league,E1,2208,market_raw,1.0337566938878586,0.6219123194274822,0.4732789855072464
league,E1,2208,market_recalibrated,1.0341786721349409,0.6223140965089613,0.4741847826086957
league,E1,2208,market_plus_public,1.0365396957148405,0.6237676996471611,0.473731884057971
league,E2,2208,market_raw,1.0139209639417956,0.6072437785550088,0.5072463768115942
league,E2,2208,market_recalibrated,1.0129513765620168,0.606467412158127,0.5054347826086957
league,E2,2208,market_plus_public,1.0144607548914664,0.6073373653997426,0.501358695652174
league,E3,2208,market_raw,1.0435219663721456,0.6286422899285327,0.47056159420289856
league,E3,2208,market_recalibrated,1.043691613660597,0.6287802545958184,0.47056159420289856
league,E3,2208,market_plus_public,1.0448966334757683,0.6295842650326607,0.4741847826086957
league,EC,2208,market_raw,1.012636720004943,0.6064804179358704,0.4913949275362319
league,EC,2208,market_recalibrated,1.013607167132573,0.6072003353211991,0.4927536231884058
league,EC,2208,market_plus_public,1.0325009514933428,0.6109633132876738,0.4913949275362319
season,2223,2588,market_raw,1.0165415839869227,0.6098936944110138,0.49265842349304484
season,2223,2588,market_recalibrated,1.0177104552984622,0.6106182545697448,0.49304482225656876
season,2223,2588,market_plus_public,1.0241667461047488,0.6131218702979073,0.49149922720247297
season,2324,2588,market_raw,1.0139343020947647,0.6069767916075165,0.49420401854714063
season,2324,2588,market_recalibrated,1.0138711185673672,0.6070473829083841,0.49420401854714063
season,2324,2588,market_plus_public,1.0265398373268537,0.6099103546442276,0.4918856259659969
season,2425,2588,market_raw,1.0207793185257583,0.6125629052703275,0.4918856259659969
season,2425,2588,market_recalibrated,1.0213958866203574,0.6129371765509762,0.49149922720247297
season,2425,2588,market_plus_public,1.0235978285616356,0.6136058384335195,0.48763523956723337
season,2526,2588,market_raw,1.0140238313712415,0.6079139769149573,0.5023183925811437
season,2526,2588,market_recalibrated,1.0134972662946418,0.6076224157415344,0.5027047913446677
season,2526,2588,market_plus_public,1.0146265725943662,0.6085041840254797,0.500386398763524
outcome,A,3217,market_raw,1.0727401675393011,0.6428668698073359,0.47497668635374574
outcome,A,3217,market_recalibrated,1.0655525773983476,0.6386033648969326,0.47404414050357474
outcome,A,3217,market_plus_public,1.0492763514826156,0.6279735901964004,0.49300590612371775
outcome,D,2646,market_raw,1.3370087335993386,0.8486047149459981,0.0007558578987150416
outcome,D,2646,market_recalibrated,1.3804908963374294,0.8773054383157006,0.0
outcome,D,2646,market_plus_public,1.395272590951604,0.8843432990522149,0.0015117157974300832
outcome,H,4489,market_raw,0.7868594156905905,0.4442736005778932,0.8012920472265538
outcome,H,4489,market_recalibrated,0.7670695120760661,0.4309177277767074,0.8026286478057474
outcome,H,4489,market_plus_public,0.7829672732758302,0.43837485571845725,0.7823568723546447
confidence,45_to_60pct,4168,market_raw,1.0189833122417304,0.6106453845163785,0.5218330134357005
confidence,45_to_60pct,4168,market_recalibrated,1.0196670448700587,0.6110685631707982,0.5218330134357005
confidence,45_to_60pct,4168,market_plus_public,1.0274818695446881,0.6134491954574035,0.5208733205374281
confidence,60_to_75pct,1276,market_raw,0.8407688880197746,0.48560013346923425,0.6755485893416928
confidence,60_to_75pct,1276,market_recalibrated,0.8412652271120847,0.4859307974506053,0.6755485893416928
confidence,60_to_75pct,1276,market_plus_public,0.8422709966524512,0.4862020696676898,0.6755485893416928
confidence,above_75pct,221,market_raw,0.5586516915458072,0.30183658300478894,0.8190045248868778
confidence,above_75pct,221,market_recalibrated,0.5580448861576227,0.3021161698197693,0.8190045248868778
confidence,above_75pct,221,market_plus_public,0.5745151034774924,0.3070448534452594,0.8190045248868778
confidence,below_45pct,4687,market_raw,1.0833233571035745,0.6563587307651815,0.40729677832302114
confidence,below_45pct,4687,market_recalibrated,1.0832690420854545,0.656363932637804,0.40751013441433753
confidence,below_45pct,4687,market_plus_public,1.0876687275983372,0.6577600034350978,0.4028163004053766
overround,Q1_low,2071,market_raw,0.977009166234495,0.5816155996999857,0.5306615161757605
overround,Q1_low,2071,market_recalibrated,0.9775253008495138,0.5819418298867836,0.5292129406084017
overround,Q1_low,2071,market_plus_public,0.9791032568975659,0.5825586760081648,0.5248672139063254
overround,Q2,2070,market_raw,1.0259408530420286,0.6167239302750204,0.49468599033816424
overround,Q2,2070,market_recalibrated,1.0261674822750775,0.6169192721314105,0.4956521739130435
overround,Q2,2070,market_plus_public,1.0290019314214942,0.6187054911429584,0.48743961352657006
overround,Q3,2070,market_raw,1.0431736038326795,0.6278541207109323,0.4613526570048309
overround,Q3,2070,market_recalibrated,1.043573920695064,0.6281735044273806,0.4608695652173913
overround,Q3,2070,market_plus_public,1.0456794354568657,0.6295750028235176,0.4628019323671498
overround,Q4,2070,market_raw,1.018089178802823,0.6109432922037479,0.5019323671497584
overround,Q4,2070,market_recalibrated,1.0176182722174827,0.6105720050502438,0.5024154589371981
overround,Q4,2070,market_plus_public,1.0191342136164385,0.6116309511017279,0.5
overround,Q5_high,2071,market_raw,1.0174044596758636,0.6095605511975485,0.4876871076774505
overround,Q5_high,2071,market_recalibrated,1.0182265413863147,0.6101879608982057,0.4886528247223563
overround,Q5_high,2071,market_plus_public,1.038257987181858,0.6139702689377325,0.48913568324480927
